-- CMPUT 291 - Winter 2018 
-- Data prepared by <Joanne Lai>, <sinyee1@ualberta.ca>, and revised on <Feb 17,2018 10.58pm>
-- Version 2 Date Modified Feb 17th, 2018


-- Updates on Version 2 include:
-- more data added to accomodate result for question 6
-- changes to the values of entries to accomodate testing the query for question 8.
-- fixed date for question 1
-- added data for maintenance_records for question 9
-- added data for question 7 (for their drop off entries, with NULL pick up container id)

/*
CREATE TABLE trucks (
  truck_id          TEXT,
  model             TEXT,
  truck_type        TEXT,
  PRIMARY KEY (truck_id) 
);
*/

INSERT INTO trucks VALUES (001, "Toyota", "front loader"),
                          (002, "Mitsubitshi", "roll-off"),
                          (003, "Honda", "garbage bin collector"),
                          (004, "Honda", "front loader"),
                          (005, "Toyota", "front loader"), 
                          (006, "Toyota", "front loader"),
                          (007, "Mitsubitshi", "roll-off"),
                          (008, "BMW", "garbage bin collector"),
                          (009, "BMW", "front loader"),
                          (010, "Toyota", "front loader"), 
                          (011, "Toyota", "front loader"),
                          (012, "Mitsubitshi", "roll-off"),
                          (013, "Toyota", "garbage bin collector"),
                          (014, "BMW", "front loader"),
                          (015, "BMW", "front loader"), 
                          (016, "Toyota", "front loader"),
                          (017, "Mitsubitshi", "roll-off"),
                          (018, "Mitsubitshi", "garbage bin collector"),
                          (019, "Mitsubitshi", "front loader"),
                          (020, "Toyota", "front loader"),
                           (021, "Toyota", "garbage bin collector"),
                          (022, "BMW", "front loader"),
                          (023, "BMW", "front loader"), 
                          (024, "Toyota", "front loader"),
                          (025, "Mitsubitshi", "roll-off"),
                          (026, "Mitsubitshi", "garbage bin collector"),
                          (027, "Mitsubitshi", "front loader"),
                          (028, "Toyota", "front loader"),
                          (029, "Mitsubitshi", "front loader"),
                          (030, "Toyota", "front loader"),
                           (031, "Toyota", "garbage bin collector");
                          
/*CREATE TABLE maintenance_records (
  truck_id          TEXT,
  service_date      DATE,
  description       TEXT,
  PRIMARY KEY (truck_id, service_date),
  FOREIGN KEY (truck_id) REFERENCES trucks ON DELETE CASCADE
); */

INSERT INTO maintenance_records VALUES (025, "2012-08-20", "Inspection"),
                                       (025, "2013-08-25", "Inspection"),
                                       (025, "2014-08-20", "Inspection"),
                                        (002, "2014-03-21", "Repair"),
                                        (026, "2015-09-18", "Inspection"),
                                        (026, "2016-09-18", "Inspection"),
                                        (026, "2017-10-18", "Inspection"),
                                        (027, "2017-09-18", "Inspection"),
                                        (004, "2015-09-12", "Repair"),
                                        (005, "2014-09-14", "Inspection"), 
                                        (005, "2015-09-14", "Inspection"), 
                                        (005, "2016-09-14", "Inspection"), 
                                        (006, "2017-09-12", "Repair"),
                                        (007, "2015-01-12", "Inspection"),
                                        (008, "2011-09-13", "Repair"),
                                        (009, "2018-01-19", "Inspection"),
                                        (010, "2013-04-12", "Repair"), 

                                        
                                       (012, "2013-08-20", "Inspection"),
                                       (012, "2014-09-20", "Inspection"),
                                        (012, "2012-10-12", "Inspection"),

                                        (013, "2016-09-22", "Inspection"),
                                        (014, "2017-09-12", "Repair"),
                                        (015, "2009-09-12", "Inspection"), 
                                        (016, "2015-09-20", "Repair"),
                                        (017, "2017-02-12", "Inspection"),
                                        (018, "2015-08-12", "Inspection"),
                                        (019, "2014-02-24", "Inspection"),
                                        (020, "2018-01-05", "Repair");


INSERT INTO containers VALUES (001,"Auger Compactor", '2012-08-20'),
                        (002, "Hydraulic Compactor", '2014-03-21'),
                        (003, "Auger Compactor",'2015-09-18'),
                        (004, "Auger Compactor",'2015-09-12'),
                        (005, "Hydraulic Compactor",'2015-09-14'), 
                        (006, "Hydraulic Compactor",'2017-09-12'),
                        (007,"Auger Compactor", '2015-01-12'),
                        (008, "Roll-Off dumpster", '2011-09-13'),
                        (009, "Hydraulic Compactor",'2018-01-19'),
                        (010, "Hydraulic Compactor",'2013-04-12'), 
                        (011,"Auger Compactor", '2015-11-12'),
                        (012,"Open-Topped", '2012-09-12'),
                        (013, "Roll-Off dumpster",'2016-09-22'),
                        (014, "Hydraulic Compactor",'2017-09-12'),
                        (015, "Auger Compactor",'2009-09-12'), 
                        (016, "Open-Topped",'2015-09-20'),
                        (017, "Auger Compactor",'2017-02-12'),
                        (018, "Closed-Topped",'2015-08-15'),
                        (019, "Roll-Off dumpster",'2014-02-27'),
                        (020, "Closed-Topped",'2012-01-15'),
                        (021, "Auger Compactor",'2012-02-12'),
                        (022, "Closed-Topped",'2015-08-15'),
                        (023, "Roll-Off dumpster",'2011-02-27'),
                        (024, "Closed-Topped",'2016-01-15');

INSERT INTO waste_types VALUES ("hazardous waste"), ("plastic"),("metal"), ("paper"),
                        ("compost"),("construction waste"), ("mixed waste");

INSERT INTO container_waste_types VALUES (001, "paper"),
                                          (001, "compost"),
                                          (002, "metal"),
                                          (002,"compost"),
                                          (003, "plastic"),
                                          (003,"mixed waste"),
                                          (003, "paper"),
                                          (003,"compost"),
                                          (004,"paper"),
                                          (005,"plastic"),
                                          (005, "compost"),
                                          (006, "construction waste"),
                                          (007, "compost"),
                                          (008, "paper"),
                                          (009,"hazardous waste"),
                                          (010,"paper"),
                                          (011,"plastic"),
                                          (012, "compost"),
                                          (013, "construction waste"),
                                          (013, "compost"),
                                          (014, "metal"),
                                          (015,"hazardous waste"),
                                          (016,"paper"),
                                          (017,"plastic"),
                                          (018, "hazardous waste"),
                                          (019, "paper"),
                                          (020, "compost"),
                                          (021, "metal"),
                                          (022,"compost"),
                                          (023,"paper"),
                                          (024,"plastic"),
                                          (004, "compost"),
                                          (013, "paper"),
                                          (014, "compost"),
                                          (014, "hazardous waste"),
                                          (017,"compost"),
                                          (017,"paper"),
                                          (018,"plastic"),
                                          (019, "compost"),
                                          (020, "construction waste"),
                                          (021, "compost"),
                                          (022, "paper"),
                                          (023,"compost"),
                                          (023,"construction waste"),
                                          (024,"metal"),
                                          (024, "compost");

INSERT INTO personnel VALUES (00001, "Company", "company@abc.com","dummy address line01", NULL),
                              (00002, "Company2", "company2@abc.com","dummy address line2", 00001),
                              (03456, "Dan Brown", "company@abc.com","dummy address line01", 00002),
                              (00046, "James Brown", "company@abc.com","dummy address line01", 23456),
                              (23769, "Alice Brown", "company@abc.com","dummy address line01", 23455),
                              (45678, "Jason", "company@abc.com","dummy address line01", 23454),
                              (23451, "Kristen", "company@abc.com","dummy address line01", 03456),
                              (23452, "Steve", "company@abc.com","dummy address line01", 00046),
                              (23453, "Bob", "company@abc.com","dummy address line01", NULL),
                              (23454, "Spongy", "company@abc.com","dummy address line01", NULL),
                              (23455, "Robert Frost", "company@abc.com","dummy address line01", NULL),
                              (23456, "Helen Cullen", "company@abc.com","dummy address line01", NULL),
                              (33250, "driver0", "company@abc.com","dummy address line01", NULL),
                              (33251, "aa", "company2@abc.com","dummy address line2", 00001),
                              (33252, "bob Brown", "company@abc.com","dummy address line01", 00002),
                              (33253, "cecelia Brown", "company@abc.com","dummy address line01", 23456),
                              (33254, "Ted Brown", "company@abc.com","dummy address line01", 23455),
                              (33255, "Jason Steve", "company@abc.com","dummy address line01", 23454),
                              (33256, "Kristen C", "company@abc.com","dummy address line01", NULL),
                              (33257, "Steve L", "company@abc.com","dummy address line01", 00046),
                              (33258, "Bob B", "company@abc.com","dummy address line01", NULL),
                              (33259, "BB", "company@abc.com","dummy address line01", NULL),
                              (33260, "Robert CC", "company@abc.com","dummy address line01", NULL),
                              (33261, "Helen D", "company@abc.com","dummy address line01", NULL),
                              (33262, "EE", "company@abc.com","dummy address line01", NULL),
                              (33263, "FF", "company2@abc.com","dummy address line2", 00001),
                              (33264, "GG", "company@abc.com","dummy address line01", 00002),
                              (33265, "JHH", "company@abc.com","dummy address line01", 23456),
                              (33266, "AB", "company@abc.com","dummy address line01", 23455),
                              (33267, "JC", "company@abc.com","dummy address line01", 23454),
                              (33268, "KC", "company@abc.com","dummy address line01", NULL),
                              (33269, "ST", "company@abc.com","dummy address line01", 00046),
                              (33270, "BG", "company@abc.com","dummy address line01", NULL),
                              (33271, "SG", "company@abc.com","dummy address line01", NULL),
                              (33272, "Roberto", "ccompany@abc.com","dummy address line01", NULL),
                              (33273, "Hercules", "company@abc.com","dummy address line01", NULL),
                              (33274, "Sh", "company@abc.com","dummy address line01", NULL),
                              (33275, "xx", "company2@abc.com","dummy address line2", 00001),
                              (33276, "ZZ", "company@abc.com","dummy address line01", 00002),

                              (33001, "sample0", "sample0@abc.com","dummy addressqq line01", NULL),
                              (33002, "sample1", "sample1@abc.com","dummy addressqq line01", NULL),
                              (33003, "sample2", "sample2@abc.com","dummy addressqq line01", NULL),
                              (33004, "sample3", "sample3@abc.com","dummy addressqq line01", NULL),
                              (33005, "sample4", "sample4@abc.com","dummy addressqq line2", NULL);


                            

INSERT INTO account_managers VALUES (00001,"major accounts manager", "Toronto"),
                                    (03456, "major accounts manager", "Ottawa"),
                                    (23451,"medium accounts manager", "Toronto"),
                                    (23452, "small accounts manager", "Ottawa"),
                                    (00002,"medium accounts manager", "Vancouver"),
                                    (45678, "small accounts manager", "Edmonton");

/*CREATE TABLE drivers (
  pid               TEXT,
  certification     TEXT,
  owned_truck_id    TEXT,
  PRIMARY KEY (pid),
  FOREIGN KEY (pid) REFERENCES personnel,
  FOREIGN KEY (owned_truck_id) REFERENCES trucks(truck_id)
);
*/
INSERT INTO drivers VALUES (33250, "Single Trailer", 001),
                            (33251, "Doubles/Triples", 002),
                            (33252, "Tanker", 003),
                            (33253, "Tanker", 004),
                            (33254, "Hazmat", 005),
                            (33255, "Doubles/Triples", 006),
                            (33256, "HAZMAT", 007),
                            (33257, "Single Trailer", 008),
                            (33258, "Doubles/Triples", 009),
                            (33259, "Tanker", 010),
                            (33260, "Tanker", 011),
                            (33261, "Hazmat", NULL),
                            (33262, "Doubles/Triples", 013),
                            (33263, "HAZMAT", 014),
                            (33264, "Single Trailer", 015),
                            (33265, "Doubles/Triples", 024),
                            (33266, "Tanker", NULL),
                            (33267, "Tanker",NULL),
                            (33268, "Hazmat", 028),
                            (33269, "Doubles/Triples", 016),
                            (33270, "HAZMAT", 017),
                            (33271, "Single Trailer", 018),
                            (33272, "Doubles/Triples", 019),
                            (33273, "Tanker", 020),
                            (33274, "Tanker", 021),
                            (33275, "Hazmat", 022),
                            (33276, "Doubles/Triples", 023),
                            (23769, "HAZMAT", 024),

                            /*own company truck */
                            (33001, "Single Trailer", NULL),
                            (33002, "Doubles/Triples", NULL),
                            (33003, "Tanker", NULL),
                            (33004, "Tanker", NULL),
                            (33005, "Hazmat", NULL);

-- CREATE TABLE accounts (
--   account_no        TEXT,
--   account_mgr       TEXT,
--   customer_name     TEXT,
--   contact_info      TEXT,
--   customer_type     TEXT,
--   start_date        DATE,
--   end_date          DATE,
--   total_amount      REAL,
--   PRIMARY KEY (account_no),
--   FOREIGN KEY (account_mgr) REFERENCES account_managers(pid)
-- );


INSERT INTO accounts VALUES (7001, 00001, "City of Edm","7802221234","municipal", '2012-01-01', '2018-03-01', 3450),
                            (7002, 00001, "MCD","7802221234","commercial", '2013-01-01', '2018-03-02', 12345),
                            (7003, 03456, "City of Ott","7802221234","municipal", '2014-01-01', '2018-02-20', 1245),
                            (7004, 03456, "Syntax Inc","7802221234","industrial", '2014-01-01', '2018-02-19', 12145),
                            (7005, 23451, "Cochrane Residential","7802221234","residential", '2012-01-01', '2019-01-01', 123045),
                            (7006, 23451, "Texass","7802221234","industrial", '2014-01-01', '2019-01-01', 123845),
                            (7007, 23452, "City of Trt","7802221234","municipal", '2015-01-01', '2019-01-01', 123345),
                            (7008, 23452, "AA neighbourhood","7802221234","residential", '2015-01-01', '2019-01-01', 120345),
                            (7009, 00002, "KFC","7802221234","commercial", '2016-01-01', '2019-01-01', 12345),
                            (7010, 00002, "City of Coldlake","7802221234","municipal",'2012-01-01', '2019-01-01', 123415),
                            (7011, 00001, "Cococola","7802221234","industrial", '2016-01-01', '2019-01-01', 120345),
                            (7012, 45678, "callingwood Residential","7802221234","residential", '2016-01-01', '2019-01-01', 120345),
                            (7013, 00001, "C for Calling","7802221234","commercial", '2017-01-01', '2019-01-01', 123045),
                            (7014, 45678, "B for Battery","7802221234","commercial", '2008-01-01', '2019-01-01', 123458),
                            (7015, 00001, "BB Inc","7802221234","industrial", '2009-01-01', '2019-01-01', 123465),
                            (7016, 00002, "City of AA","7802221234","municipal", '2010-01-01', '2019-01-01', 123465),
                            (7017, 00001, "Terwillager Residential","7802221234","residential", '2011-01-01', '2019-01-01', 123475),
                            (7018, 00002, "Whitemud Residential","7802221234","residential", '2014-01-01', '2019-01-01', 123145),
                            (7019, 45678, "City of Texas","7802221234","municipal", '2015-01-01', '2019-01-01', 123445),
                            (7020, 03456, "Woodnest Residential","7802221234","residential", '2016-01-01', '2019-01-01', 123495);

-- CREATE TABLE service_agreements (
--   service_no        TEXT,
--   master_account    TEXT,
--   location          TEXT,
--   waste_type        TEXT,
--   pick_up_schedule  TEXT,
--   local_contact     TEXT,
--   internal_cost     REAL,
--   price             REAL,
--   PRIMARY KEY (master_account, service_no),
--   FOREIGN KEY (master_account) REFERENCES accounts ON DELETE CASCADE, 
--   FOREIGN KEY (waste_type) REFERENCES waste_types
-- ); 
  
INSERT INTO service_agreements VALUES (1, 7008, "22-112st nw", "compost", "every Monday of every week", 7802380000, 500, 1000),
                                      (2, 7009, "23-112st nw", "plastic", "every Tuesday of every week", 7802380001, 600, 1200),
                                      (3, 7010, "24-112st nw", "paper", "every Wednesday of every week", 7801112224, 700, 1300),
                                      (4, 7008, "25-112st nw", "plastic", "every Thursday of every week", 7801112225, 800, 1000),
                                      (5, 7009, "26-112st nw", "mixed waste", "every Friday of every week", 7801112226, 900, 2000),
                                      (6, 7008, "24-112st nw", "paper", "every Wednesday of every week", 7801112224, 700, 1300),
                                      (7, 7010, "25-112st nw", "hazardous waste", "every Thursday of every week", 7801112227, 800, 1000),
                                      (8, 7004, "26-112st nw", "compost", "every Friday of every week", 7801112228, 900, 2000),


                                      /*(9, 7006, "251-112st nw", "mixed waste", "every Thursday of every week", 7801112229, 800, 1000),
                                      (10, 7006, "267-112st nw", "paper", "every Friday of every week", 7801112231, 900, 2000),
                                      (11, 7007, "2510-112st nw", "mixed waste", "every Thursday of every week", 7801112229, 750, 1000), */

                                      /*(12, 7008, "2670-112st nw", "compost", "Biweekly of Friday", 7801192231, 1500, 2000),*/
                                      (13, 7002, "22-112st nw", "compost", "every Monday of every week", 7801380000, 500, 1000),
                                      (14, 7002, "23-112st nw", "plastic", "every Tuesday of every week", 7803380001, 600, 1200),
                                      (15, 7002, "24-112st nw", "paper", "every Wednesday of every week", 7801012224, 700, 1300),
                                      (16, 7002, "25-112st nw", "plastic", "every Thursday of every week", 7801112725, 800, 1000),
                                      (17, 7002, "26-112st nw", "mixed waste", "every Friday of every week", 7807712226, 900, 2000),
                                      (18, 7002, "24-112st nw", "paper", "every Wednesday of every week", 7801882224, 700, 1300),
                                      (19,7002, "25-112st nw", "hazardous waste", "every Thursday of every week", 7809912227, 800, 1000),
                                      (20, 7002, "26-112st nw", "compost", "every Friday of every week", 7809012228, 900, 2000),
                                      (21,7002, "251-112st nw", "mixed waste", "every Thursday of every week", 7803212229, 800, 1000),
                                      (22, 7002, "267-112st nw", "paper", "every Friday of every week", 7807812231, 900, 2000),
                                      (23, 7002, "2510-112st nw", "mixed waste", "every Thursday of every week", 7804512229, 750, 1000),
                                      (24, 7002, "2670-112st nw", "compost", "Biweekly of Friday", 7803292231, 1500, 2000),
                                      (25,7004, "25-112st nw", "hazardous waste", "every Thursday of every week", 758599100227, 800, 1000),
                                      (26, 7002, "26-112st nw", "compost", "every Friday of every week", 7809012228, 900, 2000),
                                      (27,7002, "251-112st nw", "mixed waste", "every Thursday of every week", 7803212229, 800, 1000),
                                      (28, 7002, "267-112st nw", "paper", "every Friday of every week", 7807812231, 900, 2000),
                                      (29, 7002, "2510-112st nw", "mixed waste", "every Thursday of every week", 7804512229, 750, 1000),
                                      (30, 7002, "2670-112st nw", "compost", "Biweekly of Friday", 7803292231, 1500, 2000),
                                      (31,7020, "25-112st nw", "hazardous waste", "every Thursday of every week", 7889912227, 800, 1000),
                                      (32, 7002, "26-112st nw", "compost", "every Friday of every week", 7809012228, 900, 2000),
                                      (33,7002, "251-112st nw", "mixed waste", "every Thursday of every week", 7803212229, 800, 1000),
                                      (34, 7002, "267-112st nw", "paper", "every Friday of every week", 7807812231, 900, 2000),
                                      (35, 7002, "2510-112st nw", "mixed waste", "every Thursday of every week", 7804512229, 750, 1000),
                                      (36, 7002, "2670-112st nw", "compost", "Biweekly of Friday", 7803292231, 1500, 2000);

-- CREATE TABLE service_fulfillments (
--   date_time         DATE,
--   master_account    TEXT, 
--   service_no        TEXT,
--   truck_id          TEXT,
--   driver_id         TEXT,
--   cid_drop_off      TEXT,
--   cid_pick_up       TEXT,
--   FOREIGN KEY (master_account, service_no) REFERENCES service_agreements,
--   FOREIGN KEY (truck_id) REFERENCES trucks,
--   FOREIGN KEY (driver_id) REFERENCES drivers(pid),
--   FOREIGN KEY (cid_drop_off) REFERENCES containers(container_id),
--   FOREIGN KEY (cid_pick_up) REFERENCES containers(container_id)
-- -- );

INSERT INTO service_fulfillments VALUES ("2016-01-01 10:00", 7002, 13, 001, 33250, 001, NULL),
                                          ("2016-02-01 09:00", 7002, 14, 001, 33250, 002, 001),
                                          ("2016-03-01 11:00", 7002, 15, 001, 33250, 001, 002),
                                          ("2016-04-01 11:00", 7002, 16, 001, 33250, 002, 001),
                                          ("2016-05-01 10:00", 7002, 17, 001, 33250, 001, 002),
                                          ("2016-05-18 10:00", 7002, 18, 001, 33250, 002, 001),
                                          ("2016-06-01 09:00", 7002, 19, 001, 33250, 001,002),
                                          ("2016-07-01 09:00", 7002, 20, 001, 33250, 002, 001),
                                          ("2016-08-01 11:00", 7002, 21, 001, 33250, 001, 002),
                                          ("2016-09-01 11:00", 7002, 22, 001, 33250, 002, 001),
                                          ("2016-10-01 10:00", 7002, 23, 001, 33250, 001, 002),
                                          ("2016-11-01 10:00", 7002, 24, 001, 33250, 002, 001),
                                          ("2016-12-01 09:00", 7004, 25, 001, 33250, 001,002),
                                           ("2016-12-05 09:00", 7002, 26, 001, 33250, 002, 001),
                                          ("2016-12-10 11:00", 7002, 27, 001, 33250, 001, 002),
                                          ("2016-12-15 11:00", 7002, 28, 001, 33250, 002, 001),
                                          ("2016-12-20 10:00", 7002, 29, 001, 33250, 001, 002),
                                          ("2016-12-25 10:00", 7002, 30, 001, 33250, 002, 001),
                                          ("2017-01-01 09:00", 7020, 31, 001, 33250, 001,002),
                                          ("2017-02-01 10:00", 7002, 32, 001, 33250, 002, 001),
                                          ("2017-03-01 09:00", 7002, 33, 001, 33250, 001,002),
                                          --added for question 7---
                                          ("2017-06-01 10:00", 7002, 34, 001, 33250, 011, NULL),
                                          ("2017-07-01 10:00", 7002, 34, 001, 33250, 013, NULL),
                                          ("2017-08-01 10:00", 7002, 34, 001, 33250, 015, NULL),
                                          ("2017-09-01 10:00", 7002, 34, 001, 33250, 017, NULL),
                                          ("2018-01-01 10:00", 7002, 34, 001, 33250, 024, NULL),
                                         
                                          ("2017-07-01 10:00", 7002, 34, 001, 33250, 010, 011),
                                          ("2017-08-01 10:00", 7002, 35, 001, 33250, 012, 013),
                                          ("2017-09-10 09:00", 7002, 36, 001, 33250, 014, 015),
                                          ("2017-10-01 11:00", 7008, 1, 024, 23769, 016, 017),
                                          ("2017-11-01 11:00", 7009, 2, 024, 23769, 018, NULL),
                                          ("2017-12-01 10:00", 7010, 3, 005, 33254, 019, 018),
                                          ("2017-12-07 11:00", 7008, 4, 022, 33275, 020, 019),
                                          ("2017-12-14 11:00", 7009, 5, 022, 33275, 019, 020),
                                          ("2018-01-15 11:00", 7008, 6, 023, 33276, 020, 019),
                                          ("2018-01-25 11:00", 7010, 7, 023, 33276, 023, 024);

.print "Data inserted successfully"
